network_type,step,polarization,global_disagreement,neighbor_correlation
small_world,0,1.2800000000000002,1.0983333333333334,0.2526369948969001
small_world,1,0.5214965555555556,0.2140271527777778,0.8203862607737961
small_world,2,0.3499125238888889,0.08507642508921678,0.9445503899776929
small_world,3,0.2731354038807229,0.04892572785989845,0.9763416619416452
small_world,4,0.22588335873977658,0.033649540555508395,0.9875927554845111
small_world,5,0.19220123132915073,0.02545010606592073,0.992684346860184
small_world,6,0.1662417388525082,0.02035191429982383,0.9953655879431595
small_world,7,0.14527186125812758,0.01685027534862251,0.9969007123482363
small_world,8,0.12781278796617426,0.01426634305180892,0.9978223340263126
small_world,9,0.11298228695367026,0.01225734295709341,0.9983938911506149
small_world,10,0.10021273546991491,0.010635827033775682,0.9987586664310008
small_world,11,0.08911468722999948,0.00929225158697204,0.9989985790240532
small_world,12,0.07940570698827158,0.00815848566174438,0.999161698426595
small_world,13,0.0708712640709065,0.007189523929685955,0.9992766676021644
small_world,14,0.06334228606226812,0.0063539147580480414,0.999360753514685
small_world,15,0.056681713985287596,0.0056285624447852635,0.9994244849978886
small_world,16,0.05077608143414061,0.004995799756068163,0.999474367256946
small_world,17,0.045529989282414814,0.004441672402795189,0.9995144845877574
small_world,18,0.04086230849613663,0.003954888697849121,0.9995474523562133
small_world,19,0.036703454774522165,0.0035261456169411666,0.9995749855111012
small_world,20,0.032993356037967894,0.0031476754119410676,0.9995982401120553
small_world,21,0.029679887114061262,0.002812926652152632,0.9996180199664159
small_world,22,0.02671763256291627,0.0025163307800089648,0.9996349027574271
small_world,23,0.024066888683277204,0.002253125500298823,0.9996493178711097
small_world,24,0.0216928455496611,0.0020192175632915386,0.9996615950576127
small_world,25,0.01956490823394716,0.001811073909415004,0.9996719953413069
small_world,26,0.017656127993950325,0.0016256339061816857,0.9996807310217047
small_world,27,0.01594272186678706,0.0014602376946381487,0.9996879788918149
small_world,28,0.014403664323780456,0.0013125671043983972,0.9996938891814557
small_world,29,0.013020338321031865,0.0011805965407443897,0.9996985917629705
small_world,30,0.011776235749392804,0.0010625518892964448,0.9997022005719476
scale_free,0,1.2800000000000002,1.4402651515151517,-0.23470806413737297
scale_free,1,0.3284969104601207,0.2132672201783606,0.5858774261912679
scale_free,2,0.14959954177395965,0.06696897359235629,0.8395624303696663
scale_free,3,0.08421089864034327,0.029397367715240184,0.9248083592885474
scale_free,4,0.052797641835911596,0.015648714132408977,0.959375487515004
scale_free,5,0.03522144964499678,0.009352041277983093,0.9752569361305821
scale_free,6,0.024436233786782814,0.00600097012146143,0.9834816253562806
scale_free,7,0.0174142565344969,0.00403277553944815,0.988253761777687
scale_free,8,0.012653244795070772,0.002798373771178982,0.9912953846556966
scale_free,9,0.009328918075593102,0.001987948540819641,0.9933699476877373
scale_free,10,0.006955624003896459,0.0014377003131028179,0.9948501737996333
scale_free,11,0.005231861631430848,0.0010543708751098093,0.9959381952005261
scale_free,12,0.003962767038597135,0.000781866063759924,0.996754644388042
scale_free,13,0.003018276058010694,0.0005849812506243162,0.9973770263395169
scale_free,14,0.002309255218781282,0.0004408540597785123,0.9978577265418055
scale_free,15,0.0017732713201225059,0.0003342123658922496,0.9982333480644472
scale_free,16,0.0013657916435006157,0.0002546101664760107,0.9985300378541061
scale_free,17,0.0010545686607983822,0.00019475845638496108,0.9987667686692256
scale_free,18,0.0008159567929542459,0.0001494845308278373,0.9989574759944855
scale_free,19,0.0006324370904092993,0.00011506470751226966,0.9991125018603814
scale_free,20,0.0004909177794487692,8.878578723777457e-05,0.9992395945488474
scale_free,21,0.0003815454888752552,6.865047694621915e-05,0.9993446123670021
scale_free,22,0.0002968601132203888,5.31756558858699e-05,0.9994320249634282
scale_free,23,0.00023118553336312064,4.12518499824458e-05,0.9995052736368394
scale_free,24,0.00018018509398612465,3.204386753216944e-05,0.9995670322069162
scale_free,25,0.00014053396831652164,2.4919613248052965e-05,0.9996193971301252
scale_free,26,0.00010967557825274317,1.9398503123265922e-05,0.9996640269250231
scale_free,27,8.563917274102969e-05,1.5113708866396633e-05,0.9997022450785904
scale_free,28,6.690235649647073e-05,1.1784283837169965e-05,0.999735116512008
scale_free,29,5.228694445313219e-05,9.194428709799211e-06,0.999763504810156
scale_free,30,4.0879707976451335e-05,7.177966820678504e-06,0.9997881153855955
random,0,1.2800000000000002,1.1875952380952384,0.07518652405152389
random,1,0.4832500277777778,0.2379278854875284,0.7549130329554896
random,2,0.2917324482427879,0.09245753096984796,0.8893466974283882
random,3,0.20958691776249425,0.04534110342416955,0.9466465356731728
random,4,0.16520183104030128,0.026494691389747888,0.9729527672399952
random,5,0.13703326307661276,0.017459716035769027,0.9851569976247885
random,6,0.11730054701351655,0.012377102115879484,0.9910255570303922
random,7,0.1026920527086175,0.009153029503812709,0.9939952293641019
random,8,0.09154143228336212,0.006939584044921947,0.9955834224546924
random,9,0.08287809367676482,0.005343904941727916,0.9964796967923756
random,10,0.07607207839871069,0.004158509007269129,0.9970115679184464
random,11,0.07068431614810738,0.0032609041608801298,0.9973425889085141
random,12,0.0663948615405636,0.002572411086407292,0.9975587214862264
random,13,0.06296402660457356,0.002039412796975908,0.9977074454206655
random,14,0.060209032019815076,0.0016238747591194402,0.9978162245330584
random,15,0.0579888251612289,0.0012980699719373075,0.9979015979571124
random,16,0.05619363379782447,0.0010413981636218832,0.9979738419190954
random,17,0.054737491070776335,0.0008383432214321844,0.9980394594378766
random,18,0.053552740103534946,0.0006770981909237752,0.9981025683007748
random,19,0.05258591697894211,0.0005486069131050753,0.9981657124189465
random,20,0.051794624543896856,0.00044587866731486426,0.9982303618199452
random,21,0.05114513511963687,0.00036348851304079184,0.9982972386101303
random,22,0.05061053857875227,0.00029720760396510727,0.9983665415012679
random,23,0.050169303606762014,0.00024372649529031464,0.9984381079947273
random,24,0.04980415495786696,0.00020044614087142188,0.9985115356922268
random,25,0.04950119410859605,0.00016531883880679783,0.9985862748406562
random,26,0.049249208428777703,0.00013672644110759188,0.9986616992389316
random,27,0.0490391269991547,0.00011338661415699284,0.9987371600045616
random,28,0.04886359090453443,9.428037089402262e-05,0.9988120253252384
random,29,0.048716613148548166,7.859583337923777e-05,0.9988857086084285
random,30,0.048593308906653414,6.568444345687805e-05,0.9989576870590963
